,title,description,originallink,link,pubDate
0,폰 하나에 번호 2개 &apos;e심&apos;…9월 상용화 앞두고 시장은 &apos;예열 중&apos;,배우 <b>박은빈</b>을 모델로 갤럭시 Z 플립4와 듀얼 넘버 서비스를 동시에 홍보하는 광고를 방송으로 내보내고 있다. e심 전용 요금제도 준비했다. 전용 요금제는 월 8800원이 유력하며 공식 발표도 임박했다. SK텔레콤과... ,http://www.upinews.kr/newsView/upi202208180006,http://www.upinews.kr/newsView/upi202208180006,"Thu, 18 Aug 2022 10:28:00 +0900"
1,&apos;우영우 아빠&apos; 전배수 &quot;좋은 작품에 함께할 수 있어 너무 행복했다&quot; 종영 소감,&apos;이상한 변호사 우영우&apos;는 자폐 스펙트럼 장애를 가진 우영우(<b>박은빈</b>)가 로펌 한바다의 신입 변호사로 취직하며 벌어지는 이야기를 담았다. 전배수는 우영우의 아빠 역을 맡았다. 그는 극 중 전도유망한 법대생에서... ,http://digitalchosun.dizzo.com/site/data/html_dir/2022/08/18/2022081880061.html,http://digitalchosun.dizzo.com/site/data/html_dir/2022/08/18/2022081880061.html,"Thu, 18 Aug 2022 10:24:00 +0900"
2,"‘우영우’ 권민우·최수연 급 러브라인, 수요 없는 공급[TV와치]","이런 와중에 우영우(<b>박은빈</b> 분)는 과징금 부과 처분 취소 소송에서 주장할만한 새로운 논점을 찾아냈지만, 멘토 장승준(최대훈 분)은 이를 무시하며 우영우를 사건에서 제외시켰다. 최수연이 장승준에게 반박하려고 하자... ",https://www.newsen.com/news_view.php?uid=202208180752262310,https://n.news.naver.com/mnews/article/609/0000616513?sid=106,"Thu, 18 Aug 2022 10:23:00 +0900"
3,"함태인, &apos;우영우&apos; 마지막회 등장…강렬 존재감 발산","[사진=제이플로엔터테인먼트] &apos;이상한 변호사 우영우&apos;는 천재적인 두뇌와 자폐스펙트럼을 동시에 가진 신입 변호사 우영우(<b>박은빈</b> 분)의 좌충우돌 대형 로펌 생존기를 다루는 작품이다. 국내 넷플릭스(Netflix) 1위, 통합... ",http://www.joynews24.com/view/1511312,http://www.joynews24.com/view/1511312,"Thu, 18 Aug 2022 10:22:00 +0900"
4,‘이상한 변호사 우영우’ <b>박은빈</b>·하윤경·주종혁 원팀 활약 ‘최고 17.8%’,"뉴스토마토 = 신상민 기자 |  ‘이상한 변호사 우영우’에서 <b>박은빈</b>을 위한 하윤경, 주종혁의 의리와... 장승준(최대훈 분)과 한 팀을 이룬 신입 변호사 우영우(<b>박은빈</b> 분), 최수연(하윤경 분), 권민우(주종혁 분)의... ",http://www.newstomato.com/ReadNews.aspx?no=1141730&inflow=N,http://www.newstomato.com/ReadNews.aspx?no=1141730&inflow=N,"Thu, 18 Aug 2022 10:20:00 +0900"
5,"KGC인삼공사, 추석 맞아 &apos;정관장과 함께라면, 즐거운 Holiday&apos; 프로모션 진행","정관장 전 제품에 대해 구매금액대별 할인혜택을 제공하며, 손석구·<b>박은빈</b> 등 정관장 모델이 추천하는 인기제품 4종(홍삼정 에브리타임, 홍삼톤골드, 천녹톤, 화애락진)에 한해서는 추가 할인혜택을 받을 수 있다.... ",http://sports.chosun.com/news/ntype.htm?id=202208190100129520007908&servicedate=20220818,https://n.news.naver.com/mnews/article/076/0003906097?sid=103,"Thu, 18 Aug 2022 10:20:00 +0900"
6,"&apos;이상한 변호사 우영우&apos; 강태오, <b>박은빈</b> 이별 이유에 &apos;맴찢&apos;→&apos;고래커플&apos; 결말...","방송 캡처 [반응이 센 CBC뉴스ㅣCBCNEWS]  &apos;이상한 변호사 우영우&apos; <b>박은빈</b>을 위한 하윤경, 주종혁의 의리와... 장승준(최대훈 분)과 한 팀을 이룬 신입 변호사 우영우(<b>박은빈</b> 분), 최수연(하윤경 분), 권민우(주종혁 분)의... ",http://www.cbci.co.kr/news/articleView.html?idxno=431525,http://www.cbci.co.kr/news/articleView.html?idxno=431525,"Thu, 18 Aug 2022 10:18:00 +0900"
7,"‘우영우’ 아빠 전배수, “좋은 작품에 함께할 수 있어 너무 행복”",전배수는 극 중 전도유망한 법대생에서 미혼부라는 쉽지 않은 길을 선택한 후 영우(<b>박은빈</b> 분)을 위해서라면 못할 것이 없는 딸바보 아빠로 열연을 펼쳤다. 한선영(백지원 분)이 태수미(진경 분)을 이기기 위한 목적으로... ,http://www.fnnews.com/news/202208181015028080,https://n.news.naver.com/mnews/article/014/0004884926?sid=106,"Thu, 18 Aug 2022 10:16:00 +0900"
8,"&apos;우영우&apos; 떠나 보내는 국민아빠 전배수, &quot;함께할 수 있어 행복했다&quot;",전배수는 극 중 전도유망한 법대생에서 미혼부라는 쉽지 않은 길을 선택한 후 영우(<b>박은빈</b> 분)을 위해서라면 못할 것이 없는 딸바보 아빠로 열연을 펼쳤다. 한선영(백지원 분)이 태수미(진경 분)을 이기기 위한 목적으로... ,https://tenasia.hankyung.com/drama/article/2022081811024,https://n.news.naver.com/mnews/article/312/0000564535?sid=106,"Thu, 18 Aug 2022 10:14:00 +0900"
9,&apos;우영우&apos;父 전배수 &quot;좋은 작품 함께해 너무 행복했다&quot; 종영소감,전배수는 극 중 전도유망한 법대생에서 미혼부라는 쉽지 않은 길을 선택한 후 영우(<b>박은빈</b>)을 위해서라면 못할 것이 없는 딸바보 아빠로 열연을 펼쳤다. 한선영(백지원)이 태수미(진경)을 이기기 위한 목적으로 &apos;한바다&apos;에... ,https://www.spotvnews.co.kr/news/articleView.html?idxno=543457,https://n.news.naver.com/mnews/article/477/0000376847?sid=106,"Thu, 18 Aug 2022 10:12:00 +0900"
10,함태인 &apos;우영우&apos; 마지막회 캐스팅..&apos;<b>박은빈</b>♥︎강태오&apos; 예측불가 서사 갖고 온...,"&apos;이상한 변호사 우영우&apos;는 천재적인 두뇌와 자폐스펙트럼을 동시에 가진 신입 변호사 우영우(<b>박은빈</b> 분)의 좌충우돌 대형 로펌 생존기를 다루는 작품이다. 국내 넷플릭스(Netflix) 1위, 통합 콘텐츠 랭킹 1위에... ",http://www.osen.co.kr/article/G1111921520,https://n.news.naver.com/mnews/article/109/0004680477?sid=106,"Thu, 18 Aug 2022 10:10:00 +0900"
11,영우 아빠 전배수 &quot;좋은 작품 함께해 너무 행복했다&quot; 종영 소감,전배수는 전도유망한 법대생에서 미혼부라는 쉽지 않은 길을 선택한 후 영우(<b>박은빈</b> 분)을 위해 못할 것이 없는 딸 바보 아빠를 연기했다. 한선영(백지원 분)이 태수미(진경 분)을 이기기 위한 목적으로 로펌에 영우를... ,https://www.tvreport.co.kr/2112761,https://n.news.naver.com/mnews/article/213/0001225969?sid=106,"Thu, 18 Aug 2022 10:08:00 +0900"
12,&apos;우영우&apos; 아빠 전배수 종영 소감…&quot;뜨거운 사랑에 깊이 감사&quot;,전배수는 극 중 전도유망한 법대생에서 미혼부라는 쉽지 않은 길을 선택한 후 영우(<b>박은빈</b> 분)을 위해서라면 못할 것이 없는 딸바보 아빠로 열연을 펼쳤다. 한선영(백지원 분)이 태수미(진경 분)을 이기기 위한 목적으로... ,http://starin.edaily.co.kr/news/newspath.asp?newsid=01167686632428632,https://n.news.naver.com/mnews/article/018/0005294942?sid=106,"Thu, 18 Aug 2022 10:07:00 +0900"
13,"함태인, &apos;우영우&apos; 마지막회 출연…<b>박은빈</b>♥강태오 사이 존재감 예고",함태인은 이날 방송에서 우영우(<b>박은빈</b>)와 이준호(강태오)의 애정전선 속 특별한 존재감을 드러낼 예정이다.... &apos;이상한 변호사 우영우&apos;는 천재적인 두뇌와 자폐스펙트럼을 동시에 가진 신입 변호사 우영우(<b>박은빈</b>)의... ,https://www.spotvnews.co.kr/news/articleView.html?idxno=543456,https://n.news.naver.com/mnews/article/477/0000376843?sid=106,"Thu, 18 Aug 2022 10:05:00 +0900"
14,&apos;이상한 변호사 우영우&apos; 국민아빠 전배수 &quot;너무 행복했다. 뜨거운 사랑 감사&quot;...,전배수는 극 중 전도유망한 법대생에서 미혼부라는 쉽지 않은 길을 선택한 후 딸 우영우(<b>박은빈</b> 분)을 위해서라면 못할 것이 없는 딸바보 아빠로 열연을 펼쳤다. 극 중 한선영(백지원)이 태수미(진경)을 이기기 위한... ,http://www.newsinside.kr/news/articleView.html?idxno=1140529,http://www.newsinside.kr/news/articleView.html?idxno=1140529,"Thu, 18 Aug 2022 10:00:00 +0900"
15,"‘우영우父’ 전태수 “좋은 작품, 너무 행복했다” (종영소감)",전배수는 극 중 전도유망한 법대생에서 미혼부라는 쉽지 않은 길을 선택한 후 영우(<b>박은빈</b> 분)을 위해서라면 못할 것이 없는 딸바보 아빠로 열연을 펼쳤다. 한선영(백지원 분)이 태수미(진경 분)을 이기기 위한 목적으로... ,https://sports.donga.com/article/all/20220818/115009237/1,https://n.news.naver.com/mnews/article/382/0000998715?sid=106,"Thu, 18 Aug 2022 09:59:00 +0900"
16,"‘우영우’·‘당소말’·‘아다마스’, 수목드라마 일제히 주춤",이날 방송에는 우영우(<b>박은빈</b>)의 위기와 이별 이야기가 담겼다. 방송 말미에는 친모 태수미(진경) 아들과 만남이 암시돼 궁금증을 더했다. KBS2 ‘당신이 소원을 말하면’ 역시 하락세를 보였다. 같은 날 방송한... ,http://www.kukinews.com/newsView/kuk202208180035,http://www.kukinews.com/newsView/kuk202208180035,"Thu, 18 Aug 2022 09:58:00 +0900"
17,"&apos;이상한 변호사 우영우&apos; 강기영, 엉뚱+섹시 마성의 매력 화보 공개","우영우 역을 맡은 <b>박은빈</b> 배우에 대해 &quot;명석이가 우영우한테 배운 만큼 강기영도 <b>박은빈</b>한테 정말 많이 배웠다&quot;며 연기와 현장에서의 태도를 추켜세우기도 하고, 권민우 역을 맡은 주종혁 배우에 대해서는 &quot;종혁이를 보면... ",http://www.stardailynews.co.kr/news/articleView.html?idxno=328329,http://www.stardailynews.co.kr/news/articleView.html?idxno=328329,"Thu, 18 Aug 2022 09:56:00 +0900"
18,"&apos;이상한 변호사 우영우&apos; <b>박은빈</b> 이부동생, 천재 해커였다 &apos;만남 예고&apos;[TV핫샷...","&apos;이상한 변호사 우영우&apos; <b>박은빈</b> 을 위한 하윤경, 주종혁의 의리와 용기가 빛났다. 17일 방송된 ENA채널... 장승준(최대훈)과 한 팀을 이룬 신입 변호사 우영우(<b>박은빈</b>), 최수연(하윤경), 권민우(주종혁)의 눈부신 활약과... ",https://www.spotvnews.co.kr/news/articleView.html?idxno=543455,https://n.news.naver.com/mnews/article/477/0000376841?sid=106,"Thu, 18 Aug 2022 09:56:00 +0900"
19,&apos;우영우&apos; 아빠 전배수 &quot;우광호 잘가…행복했다&quot;,전배수는 극 중 전도유망한 법대생에서 미혼부라는 쉽지 않은 길을 선택한 후 영우(<b>박은빈</b> 분)을 위해서라면 못할 것이 없는 딸바보 아빠로 열연을 펼쳤다. 한선영(백지원 분)이 태수미(진경 분)을 이기기 위한 목적으로... ,http://enews.imbc.com/News/RetrieveNewsInfo/357167,https://n.news.naver.com/mnews/article/408/0000164466?sid=106,"Thu, 18 Aug 2022 09:56:00 +0900"
20,&apos;우영우&apos; 15회까지 달린 시청자들 당황스럽게 만든 어제자 최수연 &apos;고백&apos; 장면...,17일 방송된 ENA &apos;이상한 변호사 우영우&apos;에서는 장승준(최대훈 분)과의 마찰로 팀에서 쫓겨난 우영우(<b>박은빈</b> 분)를 두고 의견 차이를 보이는 최수연(하윤경 분)과 권민우(주종혁 분)의 모습이 그려졌다.권민우는 차수연에게... ,https://www.insight.co.kr/news/408387,https://www.insight.co.kr/news/408387,"Thu, 18 Aug 2022 09:56:00 +0900"
21,종영 D-DAY &apos;우영우&apos; 시청률 소폭 하락…&apos;유종의 미&apos; 거둘까,"장승준(최대훈 분)과 한 팀을 이룬 신입 변호사 우영우(<b>박은빈</b> 분)·최수연(하윤경 분)·권민우(주종혁 분)가 눈부신 활약을 보였다. 위암 3기 판정을 받은 정명석(강기영 분)은 수술에 들어갔고, 이준호(강태오 분)는... ",https://www.nocutnews.co.kr/news/5803573,https://n.news.naver.com/mnews/article/079/0003675870?sid=106,"Thu, 18 Aug 2022 09:55:00 +0900"
22,"‘라스’, 류승수·김호영·김규리·유희관 출연..동시간대 가구 시청률 1위",김호영은 최근 대세로 떠오른 배우 <b>박은빈</b> 덕분에 15년 전 아역으로 동반출연했던 ‘태왕사신기’가 재조명되고 있다고 이야기했다. 그는 “드라마 상에서 제가... ,http://www.breaknews.com/916876,http://www.breaknews.com/916876,"Thu, 18 Aug 2022 09:54:00 +0900"
23,"<b>박은빈</b> 아빠 전배수, &apos;우영우&apos; 종영소감 &quot;좋은 작품..너무 행복했다&quot;",전배수는 극 중 전도유망한 법대생에서 미혼부라는 쉽지 않은 길을 선택한 후 영우(<b>박은빈</b> 분)을 위해서라면 못할 것이 없는 딸바보 아빠로 열연을 펼쳤다. 한선영(백지원 분)이 태수미(진경 분)을 이기기 위한 목적으로... ,http://www.osen.co.kr/article/G1111921503,https://n.news.naver.com/mnews/article/109/0004680458?sid=106,"Thu, 18 Aug 2022 09:54:00 +0900"
24,함태인 ‘우영우’ 뜬다,"‘이상한 변호사 우영우’는 천재적인 두뇌와 자폐 스펙트럼을 동시에 가진 신입 변호사 우영우(<b>박은빈</b> 분)의 좌충우돌 대형 로펌 생존기를 다루는 작품이다. 국내 넷플릭스(Netflix) 1위, 통합 콘텐츠 랭킹 1위에... ",http://sports.khan.co.kr/news/sk_index.html?art_id=202208180953003&sec_id=540201&pt=nv,https://n.news.naver.com/mnews/article/144/0000831636?sid=106,"Thu, 18 Aug 2022 09:54:00 +0900"
25,&quot;당신을 좋아하지만 나는 사람을 외롭게 해&quot;…우영우 13.7% 기록(종합),장승준의 지휘 아래 우영우(<b>박은빈</b>) 등 한바다 동기 3인방은 고객들의 개인정보 유출 혐의로 과징금 3천억 원을 부과받은 국내 최대 온라인 쇼핑몰 라온의 사건을 맡는다. 드라마는 실제로도 개인정보 유출 사고가... ,https://www.yna.co.kr/view/AKR20220818018751005?input=1195m,https://n.news.naver.com/mnews/article/001/0013382242?sid=103,"Thu, 18 Aug 2022 09:52:00 +0900"
26,"&apos;우영우&apos; 전배수, 국민아빠 등극 &quot;너무 행복했다&quot; 종영 소감",[사진=ENA] 전배수는 극 중 전도유망한 법대생에서 미혼부라는 쉽지 않은 길을 선택한 후 영우(<b>박은빈</b> 분)을 위해서라면 못할 것이 없는 딸바보 아빠로 열연을 펼쳤다. 한선영(백지원 분)이 태수미(진경 분)을 이기기 위한... ,http://www.joynews24.com/view/1511296,http://www.joynews24.com/view/1511296,"Thu, 18 Aug 2022 09:52:00 +0900"
27,"함태인, &apos;우영우&apos; 마지막회 출연 &quot;<b>박은빈</b>♥강태오 사이 특별 존재감&quot; [공식]","소속사에 따르면 함태인은 &apos;이상한 변호사 우영우&apos; 16회 에피소드에 출연, 우영우(<b>박은빈</b> 분)와 이준호(강태오)와 애정 전선 속 특별한 존재감을 드러낼 예정이다. 특히 그는 우월한 피지컬과 젠틀하면서도 비밀스러운... ",http://sports.chosun.com/news/ntype.htm?id=202208190100129090007890&servicedate=20220818,https://n.news.naver.com/mnews/article/076/0003906081?sid=106,"Thu, 18 Aug 2022 09:52:00 +0900"
28,"김호영 &quot;<b>박은빈</b> 덕 15년 전 &apos;태왕사신기&apos; 재조명, 계탔다&quot; (라스)[종합]","뮤지컬 배우 김호영이 배우 <b>박은빈</b>에게 고마워했다. 17일 방송한 MBC ‘라디오스타’는 류승수, 김규리... 김호영은 최근 대세로 떠오른 배우 <b>박은빈</b> 덕분에 15년 전 아역으로 동반출연했던 ‘태왕사신기’가 재조명되고... ",https://www.xportsnews.com/article/1619005,https://n.news.naver.com/mnews/article/311/0001489831?sid=106,"Thu, 18 Aug 2022 09:50:00 +0900"
29,"&apos;우영우&apos; 서브 아빠 맞아?…강기영, 엉뚱+섹시 매력 담은 화보 공개","우영우 역을 맡은 <b>박은빈</b> 배우에 대해 &quot;명석이가 우영우한테 배운 만큼 강기영도 <b>박은빈</b>한테 정말 많이 배웠다&quot;며 연기와 현장에서의 태도를 추켜세우기도 하고, 권민우 역을 맡은 주종혁 배우에 대해서는 &quot;종혁이를 보면... ",https://star.ytn.co.kr/_sn/0117_202208180949127620,https://n.news.naver.com/mnews/article/052/0001778155?sid=106,"Thu, 18 Aug 2022 09:49:00 +0900"
30,“암을 개그 소재로? 실망이다” &apos;용두사미&apos;란 말까지 나온 우영우 상황,이때 회사에서 일하고 있어야 할 우영우(<b>박은빈</b>)가 뛰어와 정 변호사를 만났다. 우영우는 &quot;정명석 변호사님이 보고 싶어서 왔습니다&quot;라며 &quot;만약 수술이 잘못돼 사망하게 되면 다시는 보지 못하게 되니까요&quot;라고 말했다. 이... ,https://www.wikitree.co.kr/articles/781381,https://www.wikitree.co.kr/articles/781381,"Thu, 18 Aug 2022 09:48:00 +0900"
31,&apos;이상한 변호사 우영우&apos; 마지막회 출연하는 &apos;이 배우&apos;...결말 알려준다 (+정체...,"&apos;이상한 변호사 우영우&apos;는 천재적인 두뇌와 자폐스펙트럼을 동시에 가진 신입 변호사 우영우(<b>박은빈</b>)의 좌충우돌 대형 로펌 생존기를 다루는 작품이다. 국내 넷플릭스 1위, 통합 콘텐츠 랭킹 1위에 등극하며 시청자들의... ",https://www.wikitree.co.kr/articles/781396,https://www.wikitree.co.kr/articles/781396,"Thu, 18 Aug 2022 09:48:00 +0900"
32,"&apos;영우 아빠&apos; 전배수 &quot;뜨거운 사랑, 깊이 감사드린다&quot; 종영 소감",전배수는 극 중 전도유망한 법대생에서 미혼부라는 쉽지 않은 길을 선택한 후 딸 우영우(<b>박은빈</b> 분)을 위해서라면 못할 것이 없는 딸바보 아빠로 열연을 펼쳤다. 극중 한선영(백지원)이 태수미(진경)을 이기기 위한... ,https://www.xportsnews.com/article/1619012,https://n.news.naver.com/mnews/article/311/0001489828?sid=106,"Thu, 18 Aug 2022 09:46:00 +0900"
33,&apos;우영우 아빠&apos; 전배수 &quot;행복했던 작품&quot; 애틋 종영 소감,우공화는 딸 우영우(<b>박은빈</b>)를 위해서라면 못할 것이 없는 딸바보 아빠이기도 하다. 전배수는 조금 특별한 아이 영우를 홀로 키우며 느꼈을 외로움과 복잡미묘한 감정을 깊은 눈빛과 표정에 담담하게 그려내며 극의... ,http://www.tvdaily.co.kr/read.php3?aid=16607831811650096002,http://www.tvdaily.co.kr/read.php3?aid=16607831811650096002,"Thu, 18 Aug 2022 09:44:00 +0900"
34,"&apos;정관장과 함께라면, 즐거운 Holiday&apos; 프로모션 진행","정관장 광고모델 손석구·<b>박은빈</b> 추천 제품 구매금액대별 할인 혜택 제공 KGC인삼공사는 추석을 맞아... 손석구, <b>박은빈</b> 등 정관장 모델이 추천하는 인기제품 4종 △홍삼정 에브리타임 △홍삼톤골드 △천녹톤... ",https://www.asiatoday.co.kr/view.php?key=20220818010010595,https://www.asiatoday.co.kr/view.php?key=20220818010010595,"Thu, 18 Aug 2022 09:44:00 +0900"
35,"&apos;우영우&apos; <b>박은빈</b>, 하윤경·주종혁과 원팀 활약...&apos;고래커플&apos;은 위기","마지막 회, 오늘(18일) 밤 9시 방송 &apos;이상한 변호사 우영우&apos; <b>박은빈</b> 하윤경 주종혁이 일도 관계도 한층 더... 장승준(최대훈 분)과 한 팀을 이룬 변호사 우영우(<b>박은빈</b> 분)와 최수연(하윤경 분), 그리고 권민우(주종혁 분)의... ",http://news.tf.co.kr/read/entertain/1959234.htm,https://n.news.naver.com/mnews/article/629/0000167436?sid=106,"Thu, 18 Aug 2022 09:42:00 +0900"
36,&apos;우영우&apos; 아빠 전배수 &quot;뜨거운 사랑에 깊이 감사&quot; 종영소감,사진=ENA채널 &apos;이상한 변호사 우영우&apos; 전배수는 극 중 전도유망한 법대생에서 미혼부라는 쉽지 않은 길을 선택한 후 영우(<b>박은빈</b>)을 위해서라면 못할 것이 없는 딸바보 아빠로 열연을 펼쳤다. 한선영(백지원)이 태수미(진경)... ,http://www.slist.kr/news/articleView.html?idxno=377560,http://www.slist.kr/news/articleView.html?idxno=377560,"Thu, 18 Aug 2022 09:42:00 +0900"
37,"함태인, ‘이상한 변호사 우영우’ 출연…우영우♥이준호, 애정 전선 뉴페이스...","&apos;이상한 변호사 우영우&apos;는 천재적인 두뇌와 자폐스펙트럼을 동시에 가진 신입 변호사 우영우(<b>박은빈</b> 분)의 좌충우돌 대형 로펌 생존기를 다루는 작품이다. 국내 넷플릭스(Netflix) 1위, 통합 콘텐츠 랭킹 1위에 등극하며... ",https://sports.donga.com/article/all/20220818/115008720/1,https://n.news.naver.com/mnews/article/382/0000998712?sid=106,"Thu, 18 Aug 2022 09:41:00 +0900"
38,‘우영우’ 아빠 전배수 “너무 행복했다”,전배수는 극 중 전도유망한 법대생에서 미혼부라는 쉽지 않은 길을 선택한 후 영우(<b>박은빈</b> 분)을 위해서라면 못할 것이 없는 딸바보 아빠로 열연을 펼쳤다. 한선영(백지원 분)이 태수미(진경 분)을 이기기 위한 목적으로... ,http://sports.khan.co.kr/news/sk_index.html?art_id=202208180940013&sec_id=540201&pt=nv,https://n.news.naver.com/mnews/article/144/0000831629?sid=106,"Thu, 18 Aug 2022 09:41:00 +0900"
39,"&apos;이상한 변호사 우영우&apos;, 진경-<b>박은빈</b> 관계 탄로 위기…&apos;13.8%&apos;",이날 방송에선 한선영(백지원)이 우광호(전배수)를 찾아와 우영우(<b>박은빈</b>)가 태수미(진경)의 혼외자식이라는 사실을 폭로할 것을 예고했다. 이와 함께 베일에 가려져 있던 태수미의 아들이 등장할 것으로 보인다.... ,http://www.stoo.com/article.php?aid=82052174839,http://www.stoo.com/article.php?aid=82052174839,"Thu, 18 Aug 2022 09:40:00 +0900"
40,"정관장, 추석 앞두고 할인 프로모션 전개","손석구, <b>박은빈</b> 등 정관장 모델이 추천하는 인기제품 4종(홍삼정 에브리타임·홍삼톤골드·천녹톤·화애락진)에 한해서는 추가 할인혜택을 받을 수 있다. 예년보다 빨라진 추석에 대비해 미리 선물을 구매하고자 하는... ",http://www.asiaa.co.kr/news/articleView.html?idxno=95859,http://www.asiaa.co.kr/news/articleView.html?idxno=95859,"Thu, 18 Aug 2022 09:38:00 +0900"
41,‘우영우’ 영우아빠 전배수 “좋은 작품 함께 해 감사했다” 종영소감,전배수는 극 중 전도유망한 법대생에서 미혼부라는 쉽지 않은 길을 선택한 후 영우(<b>박은빈</b> 분)을 위해서라면 못할 것이 없는 딸바보 아빠로 열연을 펼쳤다. 한선영(백지원 분)이 태수미(진경 분)을 이기기 위한 목적으로... ,https://www.newsen.com/news_view.php?uid=202208180934382410,https://n.news.naver.com/mnews/article/609/0000616498?sid=106,"Thu, 18 Aug 2022 09:37:00 +0900"
42,‘우영우’ 국민아빠 전배수 “좋은 작품에 함께할 수 있어 행복”,전배수는 극 중 전도유망한 법대생에서 미혼부라는 쉽지 않은 길을 선택한 후 영우(<b>박은빈</b> 분)을 위해서라면 못할 것이 없는 딸바보 아빠로 열연을 펼쳤다. 한선영(백지원 분)이 태수미(진경 분)을 이기기 위한 목적으로... ,http://www.sportsworldi.com/newsView/20220818507540,https://n.news.naver.com/mnews/article/396/0000621889?sid=106,"Thu, 18 Aug 2022 09:36:00 +0900"
43,"웹툰 이어 뮤지컬로, 재탄생하는 &apos;우영우 IP&apos;","&apos;이상한 변호사 우영우&apos;는 천재적인 두뇌와 자폐스펙트럼을 동시에 가진 신입 변호사 우영우(<b>박은빈</b>)의 대형 로펌 생존기를 그린 드라마다. 주인공 우영우뿐만 아니라 이준호(강태오), 정명석(강기영), 그리고 최수연... ",http://www.sportsq.co.kr/news/articleView.html?idxno=442767,http://www.sportsq.co.kr/news/articleView.html?idxno=442767,"Thu, 18 Aug 2022 09:36:00 +0900"
44,"&apos;우영우&apos; <b>박은빈</b>, 강기영 부재에 위기...하연수X주종혁 의리와 용기 빛났다 &apos;..."," ‘이상한 변호사 우영우’ <b>박은빈</b>을 위한 하윤경, 주종혁의 의리와 용기가 빛났다. 지난 17일 방송된... 장승준(최대훈 분)과 한 팀을 이룬 신입 변호사 우영우(<b>박은빈</b> 분), 최수연(하윤경 분), 권민우(주종혁 분)의... ",https://www.sportsw.kr/news/newsview.php?ncode=1065572056942261,https://www.sportsw.kr/news/newsview.php?ncode=1065572056942261,"Thu, 18 Aug 2022 09:34:00 +0900"
45,"<b>박은빈</b>♥강태오, 이별하고 새드엔딩 되나..&quot;외롭지 않게 할 자신 없어&quot;(우영우...","‘이상한 변호사 우영우’ <b>박은빈</b>을 위한 하윤경, 주종혁의 의리와 용기가 빛났다. 지난 17일 방송된 ENA채널... 장승준(최대훈 분)과 한 팀을 이룬 신입 변호사 우영우(<b>박은빈</b> 분), 최수연(하윤경 분), 권민우(주종혁 분)의... ",http://www.osen.co.kr/article/G1111921476,https://n.news.naver.com/mnews/article/109/0004680447?sid=106,"Thu, 18 Aug 2022 09:33:00 +0900"
46,"[공식] 함태인, &apos;우영우&apos; 최종회 뜬다…<b>박은빈</b>♥강태오 러브라인에 영향","&apos;이상한 변호사 우영우&apos;는 천재적인 두뇌와 자폐스펙트럼을 동시에 가진 신입 변호사 우영우(<b>박은빈</b> 분)의 좌충우돌 대형 로펌 생존기를 다루는 작품. 국내 넷플릭스 1위, 통합 콘텐츠 랭킹 1위에 등극하며 시청자들의... ",https://tenasia.hankyung.com/drama/article/2022081807794,https://n.news.naver.com/mnews/article/312/0000564517?sid=106,"Thu, 18 Aug 2022 09:32:00 +0900"
47,"함태인, ‘우영우’ 마지막회 출연 &quot;러브라인 속 존재감 발산&quot;","&apos;이상한 변호사 우영우&apos;는 천재적인 두뇌와 자폐스펙트럼을 동시에 가진 신입 변호사 우영우(<b>박은빈</b> 분)의 좌충우돌 대형 로펌 생존기를 다루는 작품이다. 국내 넷플릭스(Netflix) 1위, 통합 콘텐츠 랭킹 1위에 등극하며... ",http://www.mydaily.co.kr/new_yk/html/read.php?newsid=202208180928337161&ext=na&utm_campaign=naver_news&utm_source=naver&utm_medium=related_news,https://n.news.naver.com/mnews/article/117/0003636747?sid=106,"Thu, 18 Aug 2022 09:31:00 +0900"
48,[차트IS] ENA ‘우영우’ 종영 하루 앞두고 시청률 13.8%,이날 방송에서는 우영우(<b>박은빈</b> 분)을 위한 최수연(하윤경 분)과 권민우(주종혁 분)의 의리와 용기가 빛났다. 한바다는 해킹을 막지 못해 고객들의 개인정보를 유출한 온라인 쇼핑몰 라온을 변호했다. 장승준(최대훈... ,https://isplus.com/2022/08/18/enter/entertainment/20220818092936363.html,https://n.news.naver.com/mnews/article/241/0003225488?sid=106,"Thu, 18 Aug 2022 09:29:00 +0900"
49,&apos;이상한 변호사 우영우&apos; 15회 시청률 소폭 ↓…고래커플 결말은?,"최대훈(장승준)과 한 팀을 이룬 신입 변호사 <b>박은빈</b>(우영우), 하윤경(최수연), 주종혁(권민우)의 눈부신... 하지만 <b>박은빈</b>은 1억 원으로 제한되어 있던 과징금 상한액이 정보통신망법 개정에 따라 매출액의 3% 이내로... ",https://www.jejutwn.com/news/article.html?no=142646,https://www.jejutwn.com/news/article.html?no=142646,"Thu, 18 Aug 2022 09:28:00 +0900"
50,"&quot;정관장과 함께라면, 즐거운 Holiday&quot; 프로모션","손석구, <b>박은빈</b> 등 정관장 모델이 추천하는 인기제품 4종 (△홍삼정 에브리타임 △홍삼톤골드 △천녹톤 △화애락진)에 한해서는 추가 할인혜택을 받을 수 있다. 예년보다 빨라진 추석에 대비하여 미리 선물을... ",http://www.businesskorea.co.kr/news/articleView.html?idxno=98654,http://www.businesskorea.co.kr/news/articleView.html?idxno=98654,"Thu, 18 Aug 2022 09:24:00 +0900"
51,"&apos;우영우&apos; 하윤경·주종혁의 &apos;동료애&apos;…<b>박은빈</b>, 강태오에 또 이별선언","&apos;이상한 변호사 우영우&apos; <b>박은빈</b>을 위한 하윤경, 주종혁의 의리와 용기가 빛났다. 지난 17일 방송된 ENA채널... 우영우(<b>박은빈</b> 분), 최수연(하윤경 분), 권민우(주종혁 분)의 눈부신 활약과 훈훈한 동기애가 감동을 안겼다.... ",https://www.news1.kr/articles/4776219,https://n.news.naver.com/mnews/article/421/0006283670?sid=106,"Thu, 18 Aug 2022 09:23:00 +0900"
52,권모술수 주종혁 &quot;&apos;우영우&apos; 악역 미움 받아도 좋다&quot;(화보),자폐 스펙트럼 장애를 지닌 천재 변호사 우영우(<b>박은빈</b>)의 성장기를 그린 드라마 &apos;이상한 변호사 우영우&apos;는 이날 종영한다. 주종혁은 이 작품으로 안방극장에 제대로 눈도장을 찍었다. 사진제공|하퍼스 바자,http://star.mk.co.kr/new/view.php?mc=ST&year=2022&no=729615,https://n.news.naver.com/mnews/article/009/0005005787?sid=106,"Thu, 18 Aug 2022 09:21:00 +0900"
53,[화보IS] 강기영 “들뜨지 않으려고 노력한다”,"우영우 역을 맡은 <b>박은빈</b>에 대해 “명석이가 우영우한테 배운 만큼 강기영도 <b>박은빈</b>한테 정말 많이 배웠다”며 연기와 현장에서의 태도를 추켜세웠고, 권민우 역을 맡은 주종혁 배우에 대해서는 “종혁이를 보면 어릴 때... ",https://isplus.com/2022/08/18/enter/entertainment/20220818091856989.html,https://n.news.naver.com/mnews/article/241/0003225484?sid=106,"Thu, 18 Aug 2022 09:18:00 +0900"
54,"<b>박은빈</b> 주연 ‘이상한 변호사 우영우’ 15회, 분당 최고 시청률 17.8%..수목극...","브레이크뉴스 박동제 기자= ‘이상한 변호사 우영우’ <b>박은빈</b>을 위한 하윤경... 장승준(최대훈 분)과 한 팀을 이룬 신입 변호사 우영우(<b>박은빈</b> 분), 최수연(하윤경 분)... ",http://www.breaknews.com/916871,http://www.breaknews.com/916871,"Thu, 18 Aug 2022 09:18:00 +0900"
55,대세배우 <b>박은빈</b>·손석구 앞세운 정관장...추석 프로모션 돌입,"손석구, <b>박은빈</b> 등 정관장 모델이 추천하는 인기제품 △홍삼정 에브리타임 △홍삼톤골드 △천녹톤 △화애락진 등 4종은 추가 할인을 받을 수 있다. 예년보다 빨라진 추석에 대비해 미리 선물을 구매하고자 하는... ",http://news.mt.co.kr/mtview.php?no=2022081809024879202,https://n.news.naver.com/mnews/article/008/0004784325?sid=101,"Thu, 18 Aug 2022 09:17:00 +0900"
56,"&apos;이상한 변호사 우영우&apos; 하윤경X주종혁, <b>박은빈</b>과 의리 빛났다","&apos;이상한 변호사 우영우&apos; <b>박은빈</b>을 위한 하윤경, 주종혁의 의리와 용기가 빛났다. 지난 17일 방송된 ENA채널 &apos;이상한 변호사 우영우&apos;에서 한바다는 해킹을 막지 못해 고객들의 개인정보를 유출한 온라인 쇼핑몰 라온을... ",https://www.hankyung.com/entertainment/article/202208180833H,https://n.news.naver.com/mnews/article/015/0004738174?sid=106,"Thu, 18 Aug 2022 09:17:00 +0900"
57,"배우 함태인, ‘우영우’ 마지막회서 존재감 발휘 예고","&apos;이상한 변호사 우영우&apos;는 천재적인 두뇌와 자폐스펙트럼을 동시에 가진 신입 변호사 우영우(<b>박은빈</b> 분)의 좌충우돌 대형 로펌 생존기를 다루는 작품이다. 국내 넷플릭스(Netflix) 1위, 통합 콘텐츠 랭킹 1위에 등극하며... ",http://www.sportsworldi.com/newsView/20220818506880,https://n.news.naver.com/mnews/article/396/0000621887?sid=106,"Thu, 18 Aug 2022 09:16:00 +0900"
58,"‘우영우’ 함태인, <b>박은빈</b>X강태오 러브라인 속 존재감 예고","&apos;이상한 변호사 우영우&apos;는 천재적인 두뇌와 자폐스펙트럼을 동시에 가진 신입 변호사 우영우(<b>박은빈</b> 분)의 좌충우돌 대형 로펌 생존기를 다루는 작품이다. 국내 넷플릭스(Netflix) 1위, 통합 콘텐츠 랭킹 1위에 등극하며... ",https://www.newsen.com/news_view.php?uid=202208180912462410,https://n.news.naver.com/mnews/article/609/0000616487?sid=106,"Thu, 18 Aug 2022 09:15:00 +0900"
59,"함태인, &apos;우영우&apos; 마지막회 뜬다…<b>박은빈</b>♥강태오 러브라인 속 &apos;존재감&apos;","소속사에 따르면 함태인은 ‘이상한 변호사 우영우’ 16회 에피소드에 출연, 우영우(<b>박은빈</b> 분)와 이준호(강태오)와 애정 전선 속 특별한 존재감을 드러낼 예정이다. 특히 그는 우월한 피지컬과 젠틀하면서도 비밀스러운... ",https://www.xportsnews.com/article/1618991,https://n.news.naver.com/mnews/article/311/0001489812?sid=106,"Thu, 18 Aug 2022 09:15:00 +0900"
60,"&quot;이른 추석, 정관장으로 마음을 미리 전하세요&quot;","손석구, <b>박은빈</b> 등 정관장 모델이 추천하는 인기제품 4종 (홍삼정 에브리타임, 홍삼톤골드, 천녹톤, 화애락진)에 한해서는 추가 할인혜택을 받을 수 있다. 예년보다 빨라진 추석에 대비하여 미리 선물을 구매하고자... ",http://www.nextdaily.co.kr/news/articleView.html?idxno=208818,http://www.nextdaily.co.kr/news/articleView.html?idxno=208818,"Thu, 18 Aug 2022 09:14:00 +0900"
61,강기영 &quot;&apos;우영우&apos;로 큰 사랑 받아...들뜨지 않으려 노력&quot;(화보),자폐 스페트럭 장애를 지닌 우영우(<b>박은빈</b> 분) 변호사의 성장을 돕는 정명석이라는 인물에 대한 자신의... 우영우 역을 맡은 <b>박은빈</b> 배우에 대해 “명석이가 우영우한테 배운 만큼 강기영도 <b>박은빈</b>한테 정말 많이 배웠다”... ,http://star.mk.co.kr/new/view.php?mc=ST&year=2022&no=729566,https://n.news.naver.com/mnews/article/009/0005005780?sid=106,"Thu, 18 Aug 2022 09:10:00 +0900"
62,"[스한:시청률] &apos;이상한 변호사 우영우&apos; 최고 17.8%, <b>박은빈</b>♥강태오 이대로 끝...","사진=ENA 캡처 &apos;이상한 변호사 우영우&apos;가 수목극 정상을 지켰다. 17일 방송된 ENA 채널 &apos;이상한 변호사 우영우&apos;(연출 유인식, 극본 문지원) 15회는 전국 13.8%, 수도권 15.5%, 분당 최고 시청률 17.8%로 수목극 1위를 유지했다. 2049... ",http://sports.hankooki.com/news/articleView.html?idxno=6804899,http://sports.hankooki.com/news/articleView.html?idxno=6804899,"Thu, 18 Aug 2022 09:08:00 +0900"
63,"[Y리뷰] &apos;우영우&apos; <b>박은빈</b>X하윤경X주종혁, 원팀 활약 빛났다…신입변호사 성장...","&apos;이상한 변호사 우영우&apos; <b>박은빈</b> 씨를 위한 하윤경 씨, 주종혁 씨의 의리와 용기가 빛났다. 지난 17일 방송된... 장승준(최대훈 분)과 한 팀을 이룬 신입 변호사 우영우(<b>박은빈</b> 분), 최수연(하윤경 분), 권민우(주종혁 분)의... ",https://star.ytn.co.kr/_sn/0117_202208180907395599,https://n.news.naver.com/mnews/article/052/0001778135?sid=106,"Thu, 18 Aug 2022 09:07:00 +0900"
64,"류승수 “처조카 ‘슛돌이’ 지승준, 배우 준비 중..강동원 느낌 나”→김규리...","김호영은 최근 대세로 떠오른 배우 <b>박은빈</b> 덕분에 15년 전 아역으로 동반출연했던 &apos;태왕사신기&apos;가 재조명되고 있다고 이야기했다. 그는 &quot;드라마 상에서 제가 짝사랑하는 역할이었는데, 가만히 있다가 계 탔다. 은빈아... ",http://sports.chosun.com/news/ntype.htm?id=202208190100128620007860&servicedate=20220818,https://n.news.naver.com/mnews/article/076/0003906053?sid=106,"Thu, 18 Aug 2022 09:04:00 +0900"
65,신드롬급 인기 &apos;우영우&apos; 시즌2로 돌아온다...2024년 방영 예정,한편 ‘이상한 변호사 우영우’는 천재적인 두뇌와 자폐 스펙트럼을 동시에 지닌 신입 변호사 우영우(<b>박은빈</b> 분)가 ‘한바다’란 대형 로펌에 입사해 변호사로 성장해나가는 과정을 그린 드라마다. ‘이상한 변호사... ,https://idsn.co.kr/news/view/1065539053441251,https://idsn.co.kr/news/view/1065539053441251,"Thu, 18 Aug 2022 09:00:00 +0900"
66,강기영 &quot;정명석이 유니콘? 안타깝기도 했다&quot; [화보],"우영우 역을 맡은 <b>박은빈</b> 배우에 대해 &quot;명석이가 우영우한테 배운 만큼 강기영도 <b>박은빈</b>한테 정말 많이 배웠다&quot;며 연기와 현장에서의 태도를 추켜세우기도 하고, 권민우 역을 맡은 주종혁 배우에 대해서는 &quot;종혁이를 보면... ",http://star.mt.co.kr/stview.php?no=2022081808484083257,https://n.news.naver.com/mnews/article/108/0003079693?sid=106,"Thu, 18 Aug 2022 08:59:00 +0900"
67,"KGC인삼공사, &apos;정관장과 함께라면, 즐거운 Holiday&apos; 프로모션 진행","손석구, <b>박은빈</b> 등 정관장 모델이 추천하는 인기제품 4종(홍삼정 에브리타임, 홍삼톤골드, 천녹톤, 화애락진)에 한해서는 추가 할인혜택을 받을 수 있다. 예년보다 빨라진 추석에 대비하여 미리 선물을 구매하고자 하는... ",https://www.news1.kr/articles/4776227,https://n.news.naver.com/mnews/article/421/0006283569?sid=101,"Thu, 18 Aug 2022 08:56:00 +0900"
68,&apos;이상한 변호사 우영우&apos; 종영 앞두고 소폭 하락 13.8%…오늘 막방 [N시청률],"&apos;이상한 변호사 우영우&apos;는 천재적인 두뇌와 자폐스펙트럼을 동시에 가진 신입 변호사 우영우(<b>박은빈</b> 분)의 대형 로펌 생존기를 그리는 드라마로, ENA채널에서 인기리에 방영 중이다. ENA채널에 편성되면서 1회가 0.9... ",https://www.news1.kr/articles/4776141,https://n.news.naver.com/mnews/article/421/0006283567?sid=106,"Thu, 18 Aug 2022 08:55:00 +0900"
69,"<b>박은빈</b>·하윤경·주종혁, 최대훈과 원팀 활약…최고 17.8% (‘우영우’)[TV종...","ENA채널 수목드라마 ‘이상한 변호사 우영우’ <b>박은빈</b>을 위한 하윤경, 주종혁의 의리와 용기가 빛났다. 지난... 장승준(최대훈 분)과 한 팀을 이룬 신입 변호사 우영우(<b>박은빈</b> 분), 최수연(하윤경 분), 권민우(주종혁 분)의... ",https://sports.donga.com/article/all/20220818/115007709/1,https://n.news.naver.com/mnews/article/382/0000998691?sid=106,"Thu, 18 Aug 2022 08:55:00 +0900"
70,"&apos;라디오스타&apos; 류승수·김호영, 상극 케미 폭발","김호영은 최근 대세로 떠오른 배우 <b>박은빈</b> 덕분에 15년 전 아역으로 동반출연했던 ‘태왕사신기’가 재조명되고 있다고 이야기했다. 그는 “드라마 상에서 제가 짝사랑하는 역할이었는데, 가만히 있다가 계 탔다. 은빈아... ",http://enews.imbc.com/News/RetrieveNewsInfo/357156,https://n.news.naver.com/mnews/article/408/0000164455?sid=106,"Thu, 18 Aug 2022 08:55:00 +0900"
71,"‘우영우’ <b>박은빈</b>X하윤경X주종혁, 최대훈과 ‘원팀’ 활약…훈훈 시너지","배우 <b>박은빈</b>을 위한 하윤경, 주종혁의 의리와 용기가 빛났다. 지난 17일 방송된 ENA채널 ‘이상한 변호사... 장승준(최대훈)과 한 팀을 이룬 신입 변호사 우영우(<b>박은빈</b>), 최수연(하윤경), 권민우(주종혁)의 눈부신 활약과... ",http://www.celuvmedia.com/article.php?aid=1660780361432995006,http://www.celuvmedia.com/article.php?aid=1660780361432995006,"Thu, 18 Aug 2022 08:54:00 +0900"
72,"KGC인삼공사, &apos;정관장과 함께라면, 즐거운 Holiday&apos; 추석 할인행사 전개","공사에 따르면 손석구, <b>박은빈</b> 등 정관장 모델이 추천하는 인기제품 4종 (홍삼정 에브리타임, 홍삼톤골드, 천녹톤, 화애락진)은 추가 할인혜택을 받는다. 행사 초기 10일간 &apos;얼리버드 행사&apos;를 통해 정관장 제품을... ",http://www.thekpm.com/news/articleView.html?idxno=132457,http://www.thekpm.com/news/articleView.html?idxno=132457,"Thu, 18 Aug 2022 08:54:00 +0900"
73,"종영 D-DAY &apos;우영우&apos;, 고래커플 <b>박은빈</b>·강태오 해피엔딩 맞을까","&apos;이상한 변호사 우영우&apos; <b>박은빈</b>을 위한 하윤경, 주종혁의 의리와 용기가 빛났다. 이별한 강태오와는 미묘한... 최대훈(장승준)과 한 팀을 이룬 신입 변호사 <b>박은빈</b>(우영우), 하윤경(최수연), 주종혁(권민우)의 눈부신... ",https://news.jtbc.co.kr/article/article.aspx?news_id=NB12071301,https://n.news.naver.com/mnews/article/437/0000310314?sid=106,"Thu, 18 Aug 2022 08:52:00 +0900"
74,&apos;우영우&apos; 최종회 앞두고 등장한 해커의 정체,"사진=ENA채널 &apos;이상한 변호사 우영우&apos; 캡처 <b>박은빈</b>을 위한 하윤경, 주종혁의 의리와 용기가 빛났다. 지난 17일... 장승준(최대훈 분)과 한 팀을 이룬 신입 변호사 우영우(<b>박은빈</b> 분), 최수연(하윤경 분), 권민우(주종혁 분)의... ",http://www.newsculture.press/news/articleView.html?idxno=510137,http://www.newsculture.press/news/articleView.html?idxno=510137,"Thu, 18 Aug 2022 08:52:00 +0900"
75,&apos;이상한 변호사 우영우&apos; 시청률 하락에도 수목극 1위... 최고 경신할까,"이날 방송된 &apos;이상한 변호사 우영우&apos;에서는 정명석(강기영 분)의 빈자리를 대신 채운 장승준(최대훈 분)과 우영우(<b>박은빈</b> 분), 최수연(하윤경 분), 권민우(주종혁 분) 모습이 그려졌다. 특히 우영우와 장승준의 갈등이... ",https://www.sisamagazine.co.kr/news/articleView.html?idxno=459561,https://www.sisamagazine.co.kr/news/articleView.html?idxno=459561,"Thu, 18 Aug 2022 08:52:00 +0900"
76,"&apos;우영우&apos; <b>박은빈</b>, 혼외자식 폭로 당하나…강태오에 &quot;외로울 것&quot; 진심 고백 [종...","‘이상한 변호사 우영우’ <b>박은빈</b>을 위한 하윤경, 주종혁의 의리와 용기가 빛났다. 지난 17일 방송된 ENA채널... 장승준(최대훈 분)과 한 팀을 이룬 신입 변호사 우영우(<b>박은빈</b>), 최수연(하윤경), 권민우(주종혁)의 눈부신... ",https://www.xportsnews.com/article/1618974,https://n.news.naver.com/mnews/article/311/0001489801?sid=106,"Thu, 18 Aug 2022 08:51:00 +0900"
77,"우영우 이복동생, 김주헌 자살기도 부른 해커였다…혼외자식 폭로 예고 (&apos;우영...","<b>박은빈</b>을 위한 하윤경, 주종혁의 의리와 용기가 빛났다. 지난 17일 방송된 ENA 수목드라마 ‘이상한 변호사... 장승준(최대훈 분)과 한 팀을 이룬 신입 변호사 우영우(<b>박은빈</b> 분), 최수연(하윤경 분), 권민우(주종혁 분)의... ",https://tenasia.hankyung.com/drama/article/2022081807314,https://n.news.naver.com/mnews/article/312/0000564500?sid=106,"Thu, 18 Aug 2022 08:50:00 +0900"
78,"&apos;우영우&apos; <b>박은빈</b>, 강태오 향한 진심…진경 아들 결말 변수될까","&apos;이상한 변호사 우영우&apos; <b>박은빈</b>이 강태오를 향한 진심을 고백한 가운데 진경 아들이 등장해 결말에 대한... &apos;이상한 변호사 우영우&apos; <b>박은빈</b>을 위한 하윤경, 주종혁의 의리와 용기가 빛이 났다. [사진=ENA 방송화면 캡처] 이날... ",http://www.joynews24.com/view/1511243,http://www.joynews24.com/view/1511243,"Thu, 18 Aug 2022 08:50:00 +0900"
79,"류승수, 의료 잡학박사→장인어른 목숨 구해 ‘최고 7.1%’ (라스)[TV종합]","김호영은 최근 대세로 떠오른 배우 <b>박은빈</b> 덕분에 15년 전 아역으로 동반출연했던 ‘태왕사신기’가 재조명되고 있다고 이야기했다. 그는 “드라마 상에서 제가 짝사랑하는 역할이었는데, 가만히 있다가 계 탔다. 은빈아... ",https://sports.donga.com/article/all/20220818/115007648/1,https://n.news.naver.com/mnews/article/382/0000998689?sid=106,"Thu, 18 Aug 2022 08:49:00 +0900"
80,&apos;우영우&apos; 대박에 ENA 버즈량 169% 증가,"지난 17일 방송된 15회에서는 &apos;우영우’ <b>박은빈</b>을 위한 하윤경, 주종혁의 의리와 용기가 빛났다. 한바다는... 자신들의 사수와 경쟁 관계인 장승준(최대훈 분)과 한 팀을 이룬 신입 변호사 우영우(<b>박은빈</b> 분), 최수연... ",http://www.fnnews.com/news/202208180842213615,https://n.news.naver.com/mnews/article/014/0004884802?sid=103,"Thu, 18 Aug 2022 08:47:00 +0900"
81,"&apos;이상한 변호사 우영우&apos;, 15회 시청률 13.7%...10%대 고공행진",장승준의 지휘 아래 우영우(<b>박은빈</b>) 등 법무법인 한바다 동기 3인방은 고객들의 개인정보 유출 혐의로 과징금 3000억원을 부과받은 국내 최대 온라인 쇼핑몰 라온의 사건을 맡는다. 한바다팀은 해킹 피해 발생 시점이... ,http://www.goodkyung.com/news/articleView.html?idxno=184991,http://www.goodkyung.com/news/articleView.html?idxno=184991,"Thu, 18 Aug 2022 08:46:00 +0900"
82,‘우영우’ <b>박은빈</b> 편든 ‘권모술수’의 용기…‘고래커플’ 위기도 포착,"‘이상한 변호사 우영우’ <b>박은빈</b>을 위한 하윤경, 주종혁의 의리와 용기가 빛났다. ENA채널은 지난 17일... 우영우(<b>박은빈</b>), 최수연(하윤경), 권민우(주종혁)의 활약이 시청자에게 감동을 안겼다고 18일 밝혔다. 제주도 출장... ",http://sports.khan.co.kr/news/sk_index.html?art_id=202208180845003&sec_id=540201&pt=nv,https://n.news.naver.com/mnews/article/144/0000831608?sid=106,"Thu, 18 Aug 2022 08:46:00 +0900"
83,&apos;라디오스타&apos; 최고의 1분은? 의료 잡학박사 류승수 장인어른 목숨 구한 비화 ...,"김호영은 최근 대세로 떠오른 배우 <b>박은빈</b> 덕분에 15년 전 아역으로 동반출연했던 &apos;태왕사신기&apos;가 재조명되고 있다고 이야기했다. 그는 &quot;드라마 상에서 제가 짝사랑하는 역할이었는데, 가만히 있다가 계 탔다. 은빈아... ",http://www.veritas-a.com/news/articleView.html?idxno=425917,http://www.veritas-a.com/news/articleView.html?idxno=425917,"Thu, 18 Aug 2022 08:46:00 +0900"
84,"[SC리뷰] <b>박은빈</b>·하윤경·주종혁, 완벽히 뭉친 &apos;동기애&apos;→♥강태오 &apos;맴찢&apos;(&apos;...","&apos;이상한 변호사 우영우&apos; <b>박은빈</b>, 하윤경, 주종혁 3인방이 확실하게 뭉치는 &apos;의리&apos;를 빛냈다. 지난 17일 방송된... 장승준(최대훈)과 한 팀을 이룬 신입 변호사 우영우(<b>박은빈</b>), 최수연(하윤경), 권민우(주종혁)의 눈부신... ",http://sports.chosun.com/news/ntype.htm?id=202208180100128310007840&servicedate=20220818,https://n.news.naver.com/mnews/article/076/0003906036?sid=106,"Thu, 18 Aug 2022 08:45:00 +0900"
85,김호영 &quot;과거 드라마서 <b>박은빈</b> 짝사랑…가만히 있다 계 탔다&quot;,김현숙 인턴 기자 = 뮤지컬 배우 김호영이 배우 <b>박은빈</b>에게 고마운 마음을 전했다. 지난 17일 방송된 MBC TV... 그는 &quot;그 드라마에 <b>박은빈</b>이 아역으로 출연했다. 요즘 &apos;이상한 변호사 우영우&apos;가 너무 잘돼서 굉장히 핫하다.... ,http://www.newsis.com/view/?id=NISX20220818_0001982119&cID=10601&pID=10600,https://n.news.naver.com/mnews/article/003/0011369208?sid=106,"Thu, 18 Aug 2022 08:45:00 +0900"
86,&apos;우영우&apos; <b>박은빈</b>·하윤경·주종혁 &apos;동기애&apos; 빛났다…고래커플의 향방은,"‘이상한 변호사 우영우’ <b>박은빈</b>을 위한 하윤경, 주종혁의 의리와 용기가 빛을 발했다. 지난 17일 방송된... 장승준(최대훈 분)과 한 팀을 이룬 신입 변호사 우영우(<b>박은빈</b> 분), 최수연(하윤경 분), 권민우(주종혁 분)의... ",http://starin.edaily.co.kr/news/newspath.asp?newsid=01108646632428632,https://n.news.naver.com/mnews/article/018/0005294787?sid=106,"Thu, 18 Aug 2022 08:44:00 +0900"
87,"강기영 &quot;&apos;우영우&apos; 큰 사랑, 들뜨지 않으려고 노력&quot; [화보]","그러면서 우영우 역을 맡은 <b>박은빈</b> 배우에 대해 “명석이가 우영우한테 배운 만큼 강기영도 <b>박은빈</b>한테 정말 많이 배웠다”며 연기와 현장에서의 태도를 추켜세우기도 하고, 권민우 역을 맡은 주종혁 배우에 대해서는... ",https://tenasia.hankyung.com/tv/article/2022081807564,https://n.news.naver.com/mnews/article/312/0000564495?sid=106,"Thu, 18 Aug 2022 08:43:00 +0900"
88,"&apos;이상한 변호사 우영우&apos;, 종영 앞두고 시청률 하락",이날 방송에서는 우영우(<b>박은빈</b>) 최수연(하윤경) 권민혁(주종혁) 등 한바다 신입 변호사들이 위암 투병 중인 정명석(강기영) 변호사가 아닌 장승준(최대훈) 변호사와 함께 호흡을 맞추는 모습이 그려졌다. &apos;이상한... ,http://www.tvdaily.co.kr/read.php3?aid=16607777371650081002,http://www.tvdaily.co.kr/read.php3?aid=16607777371650081002,"Thu, 18 Aug 2022 08:42:00 +0900"
89,&apos;이상한 변호사 우영우&apos; 마지막회 결말 #진경아들 #강태오이별 #폭로?,"장승준(최대훈 분)과 한 팀을 이룬 신입 변호사 우영우(<b>박은빈</b> 분), 최수연(하윤경 분), 권민우(주종혁 분)의 눈부신 활약과 훈훈한 동기애가 감동을 안겼다. 시청률은 전국 13.8% 수도권 15.5%, 분당 최고 17.8%(닐슨코리아... ",http://enews.imbc.com/News/RetrieveNewsInfo/357153,https://n.news.naver.com/mnews/article/408/0000164451?sid=106,"Thu, 18 Aug 2022 08:42:00 +0900"
90,"&apos;라디오스타&apos; 류승수X김호영, 극과 극 케미로 웃음...동시간대 시청률 1위","김호영은 최근 대세로 떠오른 배우 <b>박은빈</b> 덕분에 15년 전 아역으로 동반출연했던 &apos;태왕사신기&apos;가 재조명되고 있다고 이야기했다. 그는 &quot;드라마 상에서 제가 짝사랑하는 역할이었는데, 가만히 있다가 계 탔다. 은빈아... ",http://www.slist.kr/news/articleView.html?idxno=377510,http://www.slist.kr/news/articleView.html?idxno=377510,"Thu, 18 Aug 2022 08:40:00 +0900"
91,"&quot;나 좋아했다고&quot; 김규리, 과거 김종민과 &apos;♥썸?&apos;…&quot;일행 것까지 모조리 계산&quot;...","김호영은 최근 대세로 떠오른 배우 <b>박은빈</b> 덕분에 15년 전 아역으로 동반출연했던 ‘태왕사신기’가 재조명되고 있다고 이야기했다. 그는 “드라마 상에서 제가 짝사랑하는 역할이었는데, 가만히 있다가 계 탔다. 은빈아... ",https://tenasia.hankyung.com/tv/article/2022081807294,https://n.news.naver.com/mnews/article/312/0000564490?sid=106,"Thu, 18 Aug 2022 08:36:00 +0900"
92,"&apos;우영우&apos; 하윤경-주종혁, <b>박은빈</b> 위한 의리와 용기..최고 17.8% 수목극 1위","하윤경, 주종혁이 <b>박은빈</b>을 위한 의리와 용기를 보여줬다. 지난 17일 방송된 ENA채널 ‘이상한 변호사 우영우’(연출 유인식, 극본 문지원, 제작 에이스토리·KT스튜디오지니·낭만크루) 15회에서는 한바다가 해킹을 막지... ",http://biz.heraldcorp.com/view.php?ud=202208180827381161838_1,https://n.news.naver.com/mnews/article/112/0003581362?sid=106,"Thu, 18 Aug 2022 08:34:00 +0900"
93,"&apos;우영우&apos; <b>박은빈</b>, 최대훈 갈등→혼외자 시한폭탄…최고 17.8%","사진=ENA채널 &apos;이상한 변호사 우영우&apos; 15회 방송 캡처 장승준(최대훈)과 한 팀을 이룬 신입 변호사 우영우(<b>박은빈</b>), 최수연(하윤경 분), 권민우(주종혁)의 눈부신 활약과 훈훈한 동기애가 감동을 안겼다. 시청률은 전국... ",http://www.slist.kr/news/articleView.html?idxno=377506,http://www.slist.kr/news/articleView.html?idxno=377506,"Thu, 18 Aug 2022 08:34:00 +0900"
94,"&apos;우영우&apos; <b>박은빈</b>, &apos;태수미 아들&apos; 만났다…주종혁, 배윤경 위해 변론 나서 [종...",<b>박은빈</b>이 진경의 친아들과 만났다. 17일 방송된 ENA 드라마 ‘이상한 변호사 우영우&apos;에서는 우영우(<b>박은빈</b>)가 태수미(진경)의 아들과 만나는 모습이 예고된 가운데 권민우(주종혁)가 최수연(배윤경)을 위해 변론에 나섰다.... ,http://www.osen.co.kr/article/G1111921414,https://n.news.naver.com/mnews/article/109/0004680428?sid=106,"Thu, 18 Aug 2022 08:33:00 +0900"
95,"‘우영우’ 원팀 된 <b>박은빈</b>X하윤경X주종혁, 신입들은 성장 중","<b>박은빈</b>을 위한 하윤경, 주종혁의 용기가 눈길을 끌었다. 8월 17일 방송된 ENA채널 수목드라마 ‘이상한 변호사... 장승준(최대훈 분)과 한 팀을 이룬 신입 변호사 우영우(<b>박은빈</b> 분), 최수연(하윤경 분), 권민우(주종혁 분)의... ",https://www.newsen.com/news_view.php?uid=202208180828492410,https://n.news.naver.com/mnews/article/609/0000616471?sid=106,"Thu, 18 Aug 2022 08:32:00 +0900"
96,"KGC인삼공사, “정관장과 함께라면, 즐거운 Holiday” 프로모션 진행","손석구, <b>박은빈</b> 등 정관장 모델이 추천하는 인기제품 4종 (△홍삼정 에브리타임, △홍삼톤골드, △천녹톤, △화애락진)에 한해서는 추가 할인혜택을 받을 수 있다. 예년보다 빨라진 추석에 대비하여 미리 선물을... ",https://www.dailian.co.kr/news/view/1143686/?sc=Naver,https://n.news.naver.com/mnews/article/119/0002631164?sid=101,"Thu, 18 Aug 2022 08:31:00 +0900"
97,강기영 “‘우영우’ 정명석처럼 <b>박은빈</b>에게 많이 배워” [화보],강기영 “‘우영우’ 정명석처럼 <b>박은빈</b>에게 많이 배워” [화보] 배우 강기영의 화보가 공개됐다. 이번... 이어 강기영은 우영우 역을 맡은 <b>박은빈</b> 배우에 대해 “명석이가 우영우한테 배운 만큼 강기영도 <b>박은빈</b>한테 정말... ,https://sports.donga.com/article/all/20220818/115007475/1,https://n.news.naver.com/mnews/article/382/0000998684?sid=106,"Thu, 18 Aug 2022 08:31:00 +0900"
98,"&apos;이상한 변호사 우영우&apos;, 시청률 하락에도 13%대 유지",이날 방송에서는 정명석(강기영)의 빈자리를 대신 채운 장승준(최대훈)과 우영우(<b>박은빈</b>) 최수연(하윤경) 권민우(주종혁)의 모습을 공개했다. 시작부터 삐걱대는 우영우와 장승준의 갈등이 불거졌다. 정명석이 수술을... ,https://hankookilbo.com/News/Read/A2022081808120000806?did=NA,https://n.news.naver.com/mnews/article/469/0000692163?sid=106,"Thu, 18 Aug 2022 08:30:00 +0900"
99,&apos;우영우&apos; 한바다 끈끈해진 동료애...시청률 13.7% 기록,장승준의 지휘 아래 우영우(<b>박은빈</b>) 등 한바다 동기 3인방은 고객들의 개인정보 유출 혐의로 과징금 3천억 원을 부과받은 국내 최대 온라인 쇼핑몰 라온의 사건을 맡는다. 드라마는 실제로도 개인정보 유출 사고가... ,https://www.jeonmae.co.kr/news/articleView.html?idxno=909415,https://www.jeonmae.co.kr/news/articleView.html?idxno=909415,"Thu, 18 Aug 2022 08:30:00 +0900"
